{
    "providers": [
        {
            "type": "bitmap",
            "file": "minecraft:rgrankslist/rgrankadmin.png",
            "ascent": 10,
            "height": 10,
            "chars": [""]
    },
        {
            "type": "bitmap",
            "file": "minecraft:rgrankslist/rgrankblue.png",
            "ascent": 10,
            "height": 10,
            "chars": [""]
        },
        {
            "type": "bitmap",
            "file": "minecraft:rgrankslist/rgrankbooster.png",
            "ascent": 10,
            "height": 10,
            "chars": [""]
        },
        {
            "type": "bitmap",
            "file": "minecraft:rgrankslist/rgrankboy.png",
            "ascent": 10,
            "height": 10,
            "chars": [""]
        },
        {
            "type": "bitmap",
            "file": "minecraft:rgrankslist/rgrankboys.png",
            "ascent": 10,
            "height": 10,
            "chars": [""]
        },
        {
            "type": "bitmap",
            "file": "minecraft:rgrankslist/rgrankbuilder.png",
            "ascent": 10,
            "height": 10,
            "chars": [""]
        },
        {
            "type": "bitmap",
            "file": "minecraft:rgrankslist/rgrankclock.png",
            "ascent": 10,
            "height": 10,
            "chars": [""]
        },
        {
            "type": "bitmap",
            "file": "minecraft:rgrankslist/rgrankcommoncrate.png",
            "ascent": 10,
            "height": 10,
            "chars": [""]
        },
        {
            "type": "bitmap",
            "file": "minecraft:rgrankslist/rgrankcrates.png",
            "ascent": 10,
            "height": 10,
            "chars": [""]
        },
        {
            "type": "bitmap",
            "file": "minecraft:rgrankslist/rgrankdevl.png",
            "ascent": 10,
            "height": 10,
            "chars": [""]
        },
        {
            "type": "bitmap",
            "file": "minecraft:rgrankslist/rgrankdevs.png",
            "ascent": 10,
            "height": 10,
            "chars": [""]
        },
        {
            "type": "bitmap",
            "file": "minecraft:rgrankslist/rgrankdiscordi.png",
            "ascent": 10,
            "height": 10,
            "chars": [""]
        },
        {
            "type": "bitmap",
            "file": "minecraft:rgrankslist/rgrankdollar.png",
            "ascent": 10,
            "height": 10,
            "chars": [""]
        },
        {
            "type": "bitmap",
            "file": "minecraft:rgrankslist/rgrankelite.png",
            "ascent": 10,
            "height": 10,
            "chars": [""]
        },
        {
            "type": "bitmap",
            "file": "minecraft:rgrankslist/rgrankelitep.png",
            "ascent": 10,
            "height": 10,
            "chars": [""]
        },
        {
            "type": "bitmap",
            "file": "minecraft:rgrankslist/rgrankepiccrate.png",
            "ascent": 10,
            "height": 10,
            "chars": [""]
        },
        {
            "type": "bitmap",
            "file": "minecraft:rgrankslist/rgrankexecutive.png",
            "ascent": 10,
            "height": 10,
            "chars": [""]
        },
        {
            "type": "bitmap",
            "file": "minecraft:rgrankslist/rgrankgirl.png",
            "ascent": 10,
            "height": 10,
            "chars": [""]
        },
        {
            "type": "bitmap",
            "file": "minecraft:rgrankslist/rgrankgirls.png",
            "ascent": 10,
            "height": 10,
            "chars": [""]
        },
        {
            "type": "bitmap",
            "file": "minecraft:rgrankslist/rgrankgod.png",
            "ascent": 10,
            "height": 10,
            "chars": [""]
        },
        {
            "type": "bitmap",
            "file": "minecraft:rgrankslist/rgrankgrassblock.png",
            "ascent": 10,
            "height": 10,
            "chars": [""]
        },
        {
            "type": "bitmap",
            "file": "minecraft:rgrankslist/rgrankgreen.png",
            "ascent": 10,
            "height": 10,
            "chars": [""]
        },
        {
            "type": "bitmap",
            "file": "minecraft:rgrankslist/rgrankhelper.png",
            "ascent": 10,
            "height": 10,
            "chars": [""]
        },
        {
            "type": "bitmap",
            "file": "minecraft:rgrankslist/rgrankinstai.png",
            "ascent": 10,
            "height": 10,
            "chars": [""]
        },
        {
            "type": "bitmap",
            "file": "minecraft:rgrankslist/rgrankking.png",
            "ascent": 10,
            "height": 10,
            "chars": [""]
        },
        {
            "type": "bitmap",
            "file": "minecraft:rgrankslist/rgrankknight.png",
            "ascent": 10,
            "height": 10,
            "chars": [""]
        },
        {
            "type": "bitmap",
            "file": "minecraft:rgrankslist/rgranklegend.png",
            "ascent": 10,
            "height": 10,
            "chars": [""]
        },
        {
            "type": "bitmap",
            "file": "minecraft:rgrankslist/rgranklegendarycrate.png",
            "ascent": 10,
            "height": 10,
            "chars": [""]
        },
        {
            "type": "bitmap",
            "file": "minecraft:rgrankslist/rgranklord.png",
            "ascent": 10,
            "height": 10,
            "chars": [""]
        },
        {
            "type": "bitmap",
            "file": "minecraft:rgrankslist/rgrankmanager.png",
            "ascent": 10,
            "height": 10,
            "chars": [""]
        },
        {
            "type": "bitmap",
            "file": "minecraft:rgrankslist/rgrankmedia.png",
            "ascent": 10,
            "height": 10,
            "chars": [""]
        },
        {
            "type": "bitmap",
            "file": "minecraft:rgrankslist/rgrankmember.png",
            "ascent": 10,
            "height": 10,
            "chars": [""]
        },
        {
            "type": "bitmap",
            "file": "minecraft:rgrankslist/rgrankmodl.png",
            "ascent": 10,
            "height": 10,
            "chars": [""]
        },
        {
            "type": "bitmap",
            "file": "minecraft:rgrankslist/rgrankmods.png",
            "ascent": 10,
            "height": 10,
            "chars": [""]
        },
        {
            "type": "bitmap",
            "file": "minecraft:rgrankslist/rgrankmvp.png",
            "ascent": 10,
            "height": 10,
            "chars": [""]
        },
        {
            "type": "bitmap",
            "file": "minecraft:rgrankslist/rgrankmvpp.png",
            "ascent": 10,
            "height": 10,
            "chars": [""]
        },
        {
            "type": "bitmap",
            "file": "minecraft:rgrankslist/rgrankmvppp.png",
            "ascent": 10,
            "height": 10,
            "chars": [""]
        },
        {
            "type": "bitmap",
            "file": "minecraft:rgrankslist/rgrankmythicalcrate.png",
            "ascent": 10,
            "height": 10,
            "chars": [""]
        },
        {
            "type": "bitmap",
            "file": "minecraft:rgrankslist/rgranknoob.png",
            "ascent": 10,
            "height": 10,
            "chars": [""]
        },
        {
            "type": "bitmap",
            "file": "minecraft:rgrankslist/rgrankowner.png",
            "ascent": 10,
            "height": 10,
            "chars": [""]
        },
        {
            "type": "bitmap",
            "file": "minecraft:rgrankslist/rgrankplayer.png",
            "ascent": 10,
            "height": 10,
            "chars": [""]
        },
        {
            "type": "bitmap",
            "file": "minecraft:rgrankslist/rgrankpro.png",
            "ascent": 10,
            "height": 10,
            "chars": [""]
        },
        {
            "type": "bitmap",
            "file": "minecraft:rgrankslist/rgrankrank.png",
            "ascent": 10,
            "height": 10,
            "chars": [""]
        },
        {
            "type": "bitmap",
            "file": "minecraft:rgrankslist/rgrankranks.png",
            "ascent": 10,
            "height": 10,
            "chars": [""]
        },
        {
            "type": "bitmap",
            "file": "minecraft:rgrankslist/rgrankrarecrate.png",
            "ascent": 10,
            "height": 10,
            "chars": [""]
        },
        {
            "type": "bitmap",
            "file": "minecraft:rgrankslist/rgrankred.png",
            "ascent": 10,
            "height": 10,
            "chars": [""]
        },
        {
            "type": "bitmap",
            "file": "minecraft:rgrankslist/rgrankrupee.png",
            "ascent": 10,
            "height": 10,
            "chars": [""]
        },
        {
            "type": "bitmap",
            "file": "minecraft:rgrankslist/rgrankscoin.png",
            "ascent": 10,
            "height": 10,
            "chars": [""]
        },
        {
            "type": "bitmap",
            "file": "minecraft:rgrankslist/rgrankserver.png",
            "ascent": 10,
            "height": 10,
            "chars": [""]
        },
        {
            "type": "bitmap",
            "file": "minecraft:rgrankslist/rgrankshop.png",
            "ascent": 10,
            "height": 10,
            "chars": [""]
        },
        {
            "type": "bitmap",
            "file": "minecraft:rgrankslist/rgrankskull.png",
            "ascent": 10,
            "height": 10,
            "chars": [""]
        },
        {
            "type": "bitmap",
            "file": "minecraft:rgrankslist/rgranksradmin.png",
            "ascent": 10,
            "height": 10,
            "chars": [""]
        },
        {
            "type": "bitmap",
            "file": "minecraft:rgrankslist/rgrankstar.png",
            "ascent": 10,
            "height": 10,
            "chars": [""]
        },
        {
            "type": "bitmap",
            "file": "minecraft:rgrankslist/rgranksword.png",
            "ascent": 10,
            "height": 10,
            "chars": [""]
        },
        {
            "type": "bitmap",
            "file": "minecraft:rgrankslist/rgranktiktok.png",
            "ascent": 10,
            "height": 10,
            "chars": [""]
        },
        {
            "type": "bitmap",
            "file": "minecraft:rgrankslist/rgranktrophy.png",
            "ascent": 10,
            "height": 10,
            "chars": [""]
        },
        {
            "type": "bitmap",
            "file": "minecraft:rgrankslist/rgrankvip.png",
            "ascent": 10,
            "height": 10,
            "chars": [""]
        },
        {
            "type": "bitmap",
            "file": "minecraft:rgrankslist/rgrankvipp.png",
            "ascent": 10,
            "height": 10,
            "chars": [""]
        },
        {
            "type": "bitmap",
            "file": "minecraft:rgrankslist/rgrankvotecrate.png",
            "ascent": 10,
            "height": 10,
            "chars": [""]
        },
        {
            "type": "bitmap",
            "file": "minecraft:rgrankslist/rgrankyoutube.png",
            "ascent": 10,
            "height": 10,
            "chars": [""]
        },
        {
            "type": "bitmap",
            "file": "minecraft:rgrankslist/rgrankyoutubei.png",
            "ascent": 10,
            "height": 10,
            "chars": [""]
        }
    ]
}